{"cameraMode":{"drawMode":0,"name":"Shaded","section":"Shading Mode"},"sceneLighting":true,"audioPlay":false,"sceneViewState":{"showFog":false,"showMaterialUpdate":false,"showSkybox":false,"showFlares":false,"showImageEffects":false,"showParticleSystems":false},"in2DMode":false,"pivot":{"x":-79.0999984741211,"y":0.91259765625,"z":-92.30000305175781},"rotation":{"x":0.18703420460224152,"y":-0.6694397330284119,"z":0.17987872660160066,"w":0.6960704326629639},"size":598.4322509765625,"orthographic":true}