{"cameraMode":{"drawMode":0,"name":"Shaded","section":"Shading Mode"},"sceneLighting":true,"audioPlay":false,"sceneViewState":{"showFog":true,"showMaterialUpdate":false,"showSkybox":true,"showFlares":true,"showImageEffects":true,"showParticleSystems":true},"in2DMode":false,"pivot":{"x":5.300000190734863,"y":1.4800000190734864,"z":-1.340999960899353},"rotation":{"x":-0.045403607189655307,"y":-0.6655953526496887,"z":0.040530893951654437,"w":-0.7438851594924927},"size":75.78874969482422,"orthographic":true}