{"cameraMode":{"drawMode":0,"name":"Shaded","section":"Shading Mode"},"sceneLighting":false,"audioPlay":false,"sceneViewState":{"showFog":true,"showMaterialUpdate":false,"showSkybox":true,"showFlares":true,"showImageEffects":true,"showParticleSystems":true},"in2DMode":false,"pivot":{"x":345.30999755859377,"y":163.5,"z":-121.85005950927735},"rotation":{"x":-0.11743639409542084,"y":0.28611937165260317,"z":-0.03557470068335533,"w":-0.9504171013832092},"size":2213.152587890625,"orthographic":true}