{"cameraMode":{"drawMode":0,"name":"Shaded","section":"Shading Mode"},"sceneLighting":true,"audioPlay":false,"sceneViewState":{"showFog":true,"showMaterialUpdate":false,"showSkybox":true,"showFlares":true,"showImageEffects":true,"showParticleSystems":true},"in2DMode":false,"pivot":{"x":3.12255859375,"y":-14.888671875,"z":-8.69921875},"rotation":{"x":-0.34370842576026919,"y":0.028010660782456399,"z":-0.010537094436585904,"w":-0.9386923313140869},"size":15.648441314697266,"orthographic":true}