{"cameraMode":{"drawMode":0,"name":"Shaded","section":"Shading Mode"},"sceneLighting":true,"audioPlay":false,"sceneViewState":{"showFog":true,"showMaterialUpdate":false,"showSkybox":true,"showFlares":true,"showImageEffects":true,"showParticleSystems":true},"in2DMode":false,"pivot":{"x":-8.43292236328125,"y":1.513671875,"z":5.4794921875},"rotation":{"x":-0.6099263429641724,"y":0.08908477425575257,"z":-0.06928474456071854,"w":-0.7844280004501343},"size":61.37653350830078,"orthographic":true}